SatisfactionLevel,LastEvaluation,NumberProjects,AverageMonthlyHours,TimeSpentCompany,WorkAccident,PromotionLast5Years,Department,Education,SalaryLevel,Attrition
0.5,0.51,5,159,1,0,1,HR,Master,medium,0
0.96,0.73,4,258,5,0,0,Finance,Bachelor,low,0
0.79,0.92,5,105,10,0,0,Marketing,Bachelor,medium,1
0.68,0.84,3,157,4,0,0,Engineering,Bachelor,high,0
0.32,0.88,3,188,7,0,0,Finance,Bachelor,low,0
0.32,0.8,2,137,6,0,0,HR,Bachelor,low,1
0.25,0.82,6,273,10,0,1,Engineering,Bachelor,low,1
0.89,0.91,5,153,7,0,0,Support,Master,low,0
0.68,0.55,2,276,5,0,0,Engineering,Bachelor,low,1
0.77,0.69,6,179,4,0,0,Finance,Bachelor,medium,1
0.22,0.53,5,279,7,0,0,Engineering,Bachelor,low,1
0.98,0.99,4,165,7,0,0,Support,Bachelor,medium,1
0.87,0.97,5,228,6,0,0,Marketing,Master,medium,0
0.37,0.42,3,190,8,0,0,Marketing,Bachelor,medium,0
0.35,0.82,3,178,4,0,0,Finance,PhD,medium,0
0.35,0.96,4,107,10,0,0,HR,Bachelor,low,0
0.44,0.51,2,108,5,0,0,Finance,Master,high,0
0.62,0.74,6,304,4,0,0,Marketing,Bachelor,medium,0
0.55,0.95,5,144,1,0,0,Sales,Master,medium,0
0.43,0.42,3,191,8,0,0,Sales,Bachelor,medium,0
0.69,0.82,2,207,1,0,0,Engineering,Bachelor,low,0
0.31,0.58,4,299,5,0,0,Support,Master,low,1
0.43,0.95,3,243,6,0,0,Engineering,Master,medium,0
0.49,0.98,4,223,6,0,0,Sales,Bachelor,medium,0
0.56,0.97,5,93,5,0,0,Marketing,Bachelor,high,0
0.83,0.68,6,197,3,0,0,Engineering,Bachelor,high,0
0.36,0.92,3,204,5,0,0,Finance,Master,low,1
0.61,0.91,3,118,8,0,0,Support,Bachelor,low,0
0.67,0.59,5,148,2,0,0,Finance,Bachelor,low,0
0.24,0.9,2,214,6,1,0,Support,Master,low,0
0.69,0.42,6,187,9,0,0,Marketing,Master,medium,0
0.34,0.76,3,106,8,0,0,Engineering,Master,medium,0
0.25,0.54,6,196,8,0,0,Support,Master,medium,0
0.96,0.47,3,132,8,0,0,Finance,Master,low,0
0.97,0.45,6,169,7,0,0,Engineering,Bachelor,low,1
0.85,0.82,4,283,8,0,0,Engineering,Bachelor,low,0
0.44,0.6,3,251,6,0,1,Finance,Master,medium,0
0.28,0.83,6,97,2,0,0,Sales,Bachelor,low,0
0.75,0.44,2,230,2,0,0,Support,PhD,medium,0
0.55,0.59,4,195,8,0,0,Finance,Bachelor,medium,0
0.3,0.72,4,97,1,0,0,Marketing,Bachelor,medium,0
0.6,0.87,2,185,6,1,0,HR,PhD,low,1
0.23,0.59,6,183,6,0,0,Finance,Master,medium,0
0.93,0.78,5,154,4,0,0,Engineering,Bachelor,medium,1
0.41,0.93,2,260,10,0,0,Engineering,Master,medium,0
0.73,0.77,6,128,3,1,0,Finance,Master,low,1
0.45,0.54,2,170,3,0,0,HR,Bachelor,medium,0
0.62,0.41,2,276,1,0,1,Finance,Bachelor,medium,0
0.64,0.92,3,173,3,0,0,HR,Master,low,0
0.35,0.41,6,177,4,0,0,HR,Master,low,1
0.98,0.92,5,175,5,0,0,Marketing,Bachelor,high,1
0.82,0.72,3,182,3,0,0,Support,Master,low,0
0.95,0.96,2,175,6,1,0,Engineering,Master,low,0
0.92,0.88,2,133,5,0,0,Engineering,Bachelor,low,0
0.68,1.0,2,226,3,0,0,HR,Master,medium,0
0.94,0.61,6,254,6,0,0,Engineering,Bachelor,low,0
0.27,0.86,6,163,6,0,0,Sales,Bachelor,medium,1
0.36,0.64,3,125,8,0,0,HR,Master,low,0
0.24,0.69,5,190,2,0,0,Engineering,Master,low,0
0.46,0.78,3,309,1,0,0,Sales,Master,medium,0
0.51,0.92,4,245,4,0,1,Marketing,Bachelor,low,0
0.42,0.99,2,259,7,0,0,Engineering,Bachelor,high,0
0.86,0.86,2,260,10,0,0,Sales,Bachelor,low,0
0.49,0.65,2,302,3,0,0,Finance,Bachelor,low,0
0.42,0.65,3,305,3,0,0,Support,Bachelor,low,1
0.63,0.84,3,259,5,1,0,Finance,Bachelor,low,0
0.31,0.54,2,193,5,0,0,Sales,Bachelor,high,0
0.84,0.47,3,155,10,1,0,HR,Master,high,0
0.26,0.61,6,144,3,0,0,HR,Bachelor,low,0
0.99,0.57,6,289,9,0,0,Engineering,Bachelor,medium,1
0.82,0.58,3,265,4,0,0,Finance,Bachelor,medium,0
0.36,0.54,2,180,3,0,0,HR,Bachelor,low,0
0.2,0.43,3,111,2,0,0,HR,Bachelor,low,1
0.85,0.41,3,190,10,0,0,Finance,Bachelor,high,0
0.77,0.99,3,244,9,0,1,Marketing,Master,high,0
0.78,0.66,4,210,4,0,0,HR,Bachelor,high,1
0.82,0.63,6,182,3,0,1,Support,Master,medium,1
0.26,0.81,5,284,7,0,0,Sales,PhD,medium,0
0.49,0.53,5,197,8,0,0,Engineering,Master,low,0
0.29,0.97,4,230,2,0,0,HR,Bachelor,low,0
0.89,0.87,3,262,7,0,0,Support,PhD,low,0
0.7,0.45,4,99,5,0,0,Support,Bachelor,medium,1
0.46,0.65,4,98,5,0,1,HR,Bachelor,medium,1
0.25,0.93,2,271,3,0,0,Marketing,Master,medium,1
0.45,0.97,6,244,5,0,0,Sales,Master,high,0
0.46,0.68,5,123,2,0,0,Engineering,Bachelor,high,0
0.78,0.77,3,218,4,0,0,HR,Bachelor,high,0
0.71,0.5,5,249,6,0,0,Engineering,Bachelor,low,0
0.91,0.99,5,178,1,0,0,Finance,Bachelor,medium,1
0.58,0.54,6,182,10,1,0,Support,Bachelor,medium,0
0.3,0.97,5,160,4,0,0,Support,PhD,low,0
0.77,0.79,5,156,6,0,0,HR,PhD,high,0
0.81,0.76,4,301,9,0,0,HR,Master,high,1
0.65,0.71,6,237,2,0,0,Finance,Bachelor,low,1
0.82,0.54,2,206,7,0,0,Marketing,Master,low,1
0.6,0.51,3,183,6,0,0,HR,PhD,medium,0
0.62,0.53,5,252,2,0,0,Support,Master,medium,0
0.54,0.51,3,188,8,1,0,Engineering,Bachelor,high,0
0.22,0.87,2,202,7,0,0,Sales,Bachelor,low,0
0.29,0.61,3,192,5,0,0,Engineering,Bachelor,low,0
0.23,0.43,2,180,5,0,0,Marketing,Bachelor,low,0
0.71,0.98,4,179,7,0,0,Sales,Master,low,0
0.45,0.93,5,295,9,0,0,Engineering,Master,low,0
0.61,0.96,2,106,9,0,0,Engineering,Bachelor,high,0
0.93,1.0,3,107,9,0,0,Finance,Bachelor,low,0
0.4,0.5,5,262,6,0,0,Marketing,Bachelor,low,0
0.53,0.64,4,205,10,0,0,Support,Bachelor,low,0
0.8,0.85,5,182,6,1,0,Finance,Bachelor,low,0
0.38,0.82,2,301,3,0,1,Sales,Master,medium,0
0.26,0.49,4,270,1,0,1,Support,Bachelor,medium,0
0.43,0.89,3,180,7,1,0,Finance,Master,medium,1
0.33,0.53,4,171,4,0,0,Marketing,Bachelor,low,0
0.94,0.53,4,157,1,0,0,HR,Bachelor,low,0
0.85,0.72,6,282,8,0,1,HR,Bachelor,medium,0
0.71,0.76,4,203,6,0,0,Sales,Master,low,0
0.9,0.75,4,90,6,0,0,HR,Bachelor,medium,1
0.84,0.45,5,147,2,0,0,Finance,Master,low,0
0.35,0.93,3,243,1,1,0,Sales,Bachelor,medium,0
0.91,0.56,5,198,2,0,0,Support,Master,low,0
0.63,0.48,5,237,4,0,1,Marketing,Master,medium,0
0.85,0.93,2,205,2,0,0,Sales,Bachelor,high,0
0.92,0.97,5,176,1,1,0,Support,Master,medium,0
0.45,0.92,6,99,7,0,0,Sales,Bachelor,medium,0
0.29,0.89,6,148,8,1,0,Engineering,Master,high,0
0.38,0.79,2,292,6,0,0,Engineering,Bachelor,medium,1
0.54,0.73,3,130,4,0,0,Sales,Bachelor,low,1
0.85,0.45,3,194,6,0,0,HR,Master,low,0
0.89,0.65,5,222,3,0,0,Engineering,Master,medium,0
0.21,0.62,5,211,8,0,0,Marketing,Bachelor,medium,0
0.61,0.56,5,282,10,0,0,Support,Master,low,0
0.53,0.83,3,234,2,0,1,Finance,Bachelor,low,0
0.38,0.7,4,111,5,0,1,Engineering,Bachelor,high,0
0.3,0.45,6,187,1,0,0,Sales,Master,low,1
0.47,0.53,4,258,6,1,0,HR,Bachelor,low,0
0.95,0.81,4,157,2,0,0,Finance,Bachelor,low,0
0.46,0.45,3,286,4,0,0,Support,Master,medium,0
0.62,0.91,4,228,6,0,0,Support,Bachelor,low,0
0.76,0.7,2,145,10,0,1,Engineering,Master,medium,0
0.49,0.69,5,268,8,0,0,Support,Bachelor,low,1
0.98,0.76,2,238,8,0,0,Support,Bachelor,medium,1
0.97,0.89,6,188,6,0,1,HR,Bachelor,medium,0
0.4,0.61,5,165,4,0,0,HR,Master,low,0
0.6,0.81,4,115,8,0,0,HR,Master,medium,1
0.44,0.74,6,204,8,0,0,Sales,Bachelor,low,0
0.43,0.56,5,236,10,0,0,Support,Bachelor,low,1
0.23,0.93,4,198,1,0,0,Support,PhD,medium,0
0.69,0.88,2,277,4,0,0,Support,Bachelor,low,0
0.6,0.8,5,288,4,0,1,Marketing,Master,medium,0
0.24,0.91,4,136,7,0,0,HR,Bachelor,low,0
0.42,0.92,2,160,7,1,0,Finance,Master,low,1
0.93,0.83,6,243,8,0,0,Engineering,Bachelor,low,0
0.39,0.9,6,129,5,0,0,Finance,Master,medium,0
0.32,0.82,6,222,7,0,0,Sales,Master,medium,0
0.59,0.81,6,238,8,0,1,Sales,Bachelor,medium,1
0.99,0.77,3,295,9,0,0,Support,Bachelor,low,0
0.39,0.85,5,221,3,0,0,Finance,Master,low,1
0.74,0.5,5,112,3,0,0,Support,Master,medium,0
0.81,0.93,3,195,4,0,0,Marketing,Bachelor,medium,0
0.39,0.92,4,173,5,0,0,Sales,Bachelor,low,0
0.78,0.42,4,232,10,0,0,Sales,Master,medium,0
0.49,0.9,6,205,1,0,0,Finance,Bachelor,low,0
0.71,0.48,2,198,7,0,1,Sales,Master,medium,0
0.71,0.6,4,225,9,0,0,Marketing,Bachelor,high,0
0.63,0.85,2,130,8,0,0,Marketing,Master,high,0
0.27,0.5,5,201,5,0,0,Marketing,PhD,medium,0
0.87,0.89,2,236,4,0,0,Engineering,PhD,low,0
0.46,0.9,5,201,7,0,0,Marketing,Bachelor,medium,0
0.35,0.7,3,192,5,0,0,Marketing,Master,medium,0
0.23,0.4,3,135,7,0,0,Engineering,Bachelor,low,1
0.67,0.57,6,245,1,0,0,Support,Bachelor,medium,0
0.74,0.77,4,308,1,0,0,HR,Bachelor,high,0
0.21,0.99,6,157,10,0,0,Sales,Bachelor,high,0
0.61,0.78,5,211,3,0,0,Marketing,PhD,low,0
0.38,0.56,6,104,2,0,0,Sales,Bachelor,medium,0
0.72,0.78,2,254,2,0,0,Finance,Master,medium,0
0.34,0.72,5,218,7,0,0,Sales,Master,low,0
0.75,0.87,3,284,10,0,0,Support,Master,medium,0
0.51,0.46,4,200,2,0,0,Engineering,Bachelor,medium,1
0.95,0.86,5,113,4,0,0,Sales,Bachelor,low,1
0.31,0.72,5,116,2,0,0,Sales,Master,low,0
0.47,0.98,2,129,6,0,0,Sales,Bachelor,medium,0
0.29,0.61,4,280,8,0,0,HR,Bachelor,high,1
0.94,0.78,3,278,10,1,0,HR,Bachelor,medium,1
0.9,0.96,5,253,4,0,1,Finance,Bachelor,medium,0
0.41,0.46,5,113,5,0,0,Engineering,Master,low,0
0.73,0.96,2,113,4,0,0,Sales,Bachelor,low,1
0.85,0.81,6,93,3,0,0,Sales,Bachelor,medium,0
0.64,0.44,3,156,5,0,0,Sales,Bachelor,low,0
0.62,0.58,4,123,9,0,0,Sales,Bachelor,high,0
0.39,0.82,5,274,8,0,0,HR,Bachelor,low,1
0.27,0.44,5,266,8,1,0,Support,Bachelor,low,1
0.92,0.75,3,304,8,0,0,Support,Bachelor,low,0
0.92,0.61,6,270,8,0,0,Finance,Master,high,0
0.71,0.77,5,205,7,0,0,Marketing,Bachelor,low,0
0.47,0.43,3,112,8,0,0,Engineering,Bachelor,low,1
0.48,0.92,2,198,8,0,0,Support,Bachelor,low,0
0.78,0.98,6,158,8,0,0,Sales,Bachelor,medium,1
0.92,0.98,4,184,10,0,1,Support,PhD,low,0
0.91,0.85,5,270,7,0,1,Finance,Bachelor,low,1
0.82,0.48,3,151,1,0,0,Marketing,Bachelor,low,0
0.71,0.85,2,258,4,1,0,Support,Bachelor,medium,0
0.27,0.41,4,146,4,0,0,Finance,PhD,low,0
0.33,0.41,3,277,5,1,1,HR,Bachelor,low,0
0.92,0.59,3,143,10,0,0,Marketing,Master,low,1
0.69,0.69,4,159,6,0,0,Finance,Bachelor,medium,0
0.21,0.86,2,190,4,0,0,Support,PhD,medium,0
0.28,0.81,2,146,2,0,0,HR,Master,medium,0
0.73,0.67,6,227,6,0,0,Finance,Bachelor,high,1
0.2,0.56,5,257,8,0,0,Finance,Bachelor,high,0
0.33,1.0,4,224,8,0,0,Support,Bachelor,low,0
0.64,0.66,4,192,7,0,0,Marketing,Bachelor,medium,1
0.75,0.67,4,255,6,0,0,HR,Bachelor,medium,0
0.72,0.5,2,174,2,0,0,Sales,Bachelor,high,0
0.38,0.88,5,150,7,0,0,Engineering,Bachelor,low,0
0.77,0.82,6,301,5,0,0,Marketing,Bachelor,medium,0
0.39,0.53,3,92,6,0,0,HR,Bachelor,low,1
0.46,0.45,3,217,10,0,0,Finance,Bachelor,high,1
0.8,0.81,4,268,8,1,0,HR,Bachelor,low,0
0.72,0.79,5,175,8,0,1,Engineering,PhD,low,0
0.88,0.56,2,136,3,0,0,Support,Bachelor,low,0
0.73,0.97,5,285,7,0,0,Engineering,Master,low,0
0.65,0.49,5,309,1,0,0,Sales,Bachelor,medium,0
0.27,0.66,2,165,1,0,1,Sales,Bachelor,low,1
0.49,0.97,4,127,7,0,0,Engineering,Bachelor,low,0
0.41,0.65,5,253,10,0,0,Marketing,Bachelor,high,0
0.4,0.78,3,258,9,0,0,Marketing,Master,low,1
0.98,0.64,2,286,7,0,0,Finance,Master,medium,1
0.51,0.56,6,230,10,0,0,Sales,Bachelor,low,0
0.91,0.99,4,176,5,0,0,Finance,PhD,low,1
0.7,0.65,2,147,8,1,0,Sales,Bachelor,medium,0
0.84,0.94,6,139,2,0,0,Engineering,PhD,medium,0
0.6,0.54,6,119,9,0,0,Marketing,PhD,low,0
0.66,0.53,5,279,6,0,0,Marketing,Bachelor,high,0
0.59,0.42,5,190,9,0,0,Engineering,Bachelor,high,0
0.36,0.79,5,114,2,1,0,Finance,Bachelor,high,1
0.78,0.62,2,201,3,0,0,Finance,Master,low,1
0.42,0.92,2,244,8,0,0,HR,Bachelor,low,0
0.22,0.68,4,268,1,0,0,Sales,PhD,medium,0
0.72,0.98,5,295,10,0,0,Finance,Master,medium,0
0.34,0.51,6,274,7,0,1,Engineering,Bachelor,low,0
0.95,0.92,3,215,7,0,0,Finance,Bachelor,medium,1
0.96,0.87,4,212,1,1,0,Marketing,Master,low,0
0.93,0.86,2,136,9,0,0,Sales,Bachelor,medium,0
0.5,0.91,4,207,8,0,0,Support,Master,low,0
0.21,0.86,4,128,4,0,0,HR,Bachelor,medium,0
0.94,0.78,4,105,10,0,0,Sales,Bachelor,low,0
0.54,0.48,4,111,5,0,0,Marketing,Bachelor,medium,0
0.97,0.42,3,302,2,0,0,Marketing,Master,medium,0
0.97,0.95,5,143,9,0,0,Marketing,Bachelor,medium,0
0.88,0.77,6,238,6,0,0,Marketing,Master,high,0
0.44,0.88,4,289,3,0,0,Engineering,Bachelor,medium,0
0.51,0.69,4,105,7,0,0,HR,Master,high,1
0.88,0.47,4,148,9,0,0,Support,Bachelor,low,1
0.45,0.48,5,120,3,0,0,Marketing,Bachelor,low,1
0.34,0.81,2,259,2,0,1,Marketing,Master,low,0
0.65,0.66,2,291,7,0,1,Finance,Bachelor,low,0
0.95,0.52,3,121,7,0,0,HR,Bachelor,medium,0
0.76,0.69,2,276,4,0,0,Sales,Bachelor,low,1
0.66,0.44,4,251,9,1,0,HR,Master,medium,0
0.28,0.75,4,98,8,0,0,HR,PhD,medium,0
0.69,0.56,4,298,1,0,0,Support,Bachelor,medium,0
0.99,0.88,3,228,1,0,0,HR,Bachelor,medium,0
0.31,0.59,4,99,5,0,0,Support,Master,medium,0
0.61,0.67,2,303,6,0,0,Marketing,Bachelor,low,0
0.9,0.41,5,106,3,1,0,Marketing,PhD,low,1
0.79,0.44,5,157,9,0,0,Engineering,Bachelor,medium,0
0.76,0.64,6,137,10,1,0,Support,PhD,medium,1
0.76,0.69,2,269,6,1,0,Support,Master,low,0
0.49,0.76,4,200,4,0,0,Sales,Master,high,1
0.43,0.57,5,242,7,0,0,Finance,Master,low,0
0.85,0.82,2,212,8,0,0,HR,Bachelor,low,0
0.85,0.92,5,238,9,0,0,Sales,Bachelor,low,0
0.89,0.87,4,190,6,0,0,Support,Bachelor,medium,0
0.93,0.42,5,191,6,0,0,Sales,Master,medium,0
0.61,0.69,6,154,8,0,0,Engineering,Master,low,0
0.6,0.46,6,280,5,0,0,Finance,Master,low,0
0.84,0.55,5,306,3,0,0,Support,Bachelor,medium,0
0.72,0.99,2,140,3,0,0,Support,Bachelor,low,1
0.76,0.49,2,125,6,0,0,HR,Bachelor,low,1
0.84,0.7,2,170,2,0,0,Finance,Master,medium,0
0.91,0.77,5,216,6,0,0,Engineering,Bachelor,low,0
0.47,0.82,2,177,6,0,1,Marketing,Bachelor,high,1
0.5,0.74,4,283,8,0,0,Sales,Master,low,0
0.28,0.41,6,193,7,0,0,HR,Bachelor,medium,0
0.66,0.6,4,104,8,0,0,Support,Bachelor,medium,0
0.23,0.71,2,185,9,0,0,Marketing,Bachelor,high,0
0.57,0.45,4,256,6,0,0,Engineering,Master,low,0
0.63,0.61,2,212,3,0,0,Finance,Bachelor,medium,0
0.43,0.42,5,287,10,0,0,Sales,Master,medium,0
0.67,0.45,4,90,3,0,0,HR,Bachelor,medium,0
0.22,0.64,5,240,1,0,0,Support,Master,medium,1
0.23,0.48,5,211,5,0,0,Support,Bachelor,medium,0
0.86,0.74,3,256,4,0,0,Marketing,Bachelor,high,0
0.49,0.81,2,215,9,0,0,Marketing,Master,low,0
0.3,0.88,6,146,9,0,0,Sales,Master,low,0
0.62,0.52,2,170,5,0,0,Finance,Bachelor,medium,0
0.82,0.5,6,251,10,0,0,Engineering,Master,low,0
0.37,0.46,2,258,4,0,0,Finance,Bachelor,high,0
0.7,0.78,5,162,7,0,0,Finance,PhD,medium,0
0.27,0.82,4,230,6,0,0,Finance,Master,medium,0
0.24,0.42,4,159,4,0,0,Sales,Bachelor,low,0
0.63,0.96,3,95,10,0,0,Sales,Master,low,1
0.63,0.43,6,173,2,0,0,Engineering,Bachelor,medium,0
0.71,0.72,6,141,1,0,0,Finance,Bachelor,high,0
0.78,0.83,6,92,4,0,0,Sales,PhD,high,0
0.98,0.92,5,170,4,1,0,Engineering,Master,low,0
0.61,0.83,6,152,1,0,0,Support,Bachelor,low,1
0.46,0.88,4,138,6,0,1,Engineering,Bachelor,low,0
0.84,0.6,5,165,4,0,0,Finance,Bachelor,high,0
0.42,0.89,2,201,1,0,0,HR,PhD,low,0
0.55,0.45,6,264,1,0,0,Finance,Bachelor,low,0
0.26,0.94,6,198,1,0,0,HR,Bachelor,low,0
0.22,0.73,2,272,8,0,0,Engineering,Bachelor,low,0
0.97,0.89,6,281,10,0,0,Support,Bachelor,high,0
0.87,0.67,2,154,8,0,0,Support,Bachelor,medium,1
0.76,0.79,5,170,2,0,0,Sales,Bachelor,low,0
0.53,0.72,4,284,7,0,0,Support,Bachelor,low,0
0.34,0.84,2,307,8,0,0,Marketing,Bachelor,low,1
0.33,0.45,3,104,8,0,0,Engineering,PhD,low,1
0.4,0.44,2,189,10,0,0,Sales,Bachelor,low,0
0.64,0.55,6,121,7,0,0,Support,Master,medium,0
0.77,0.5,5,185,5,0,0,Engineering,Master,low,1
0.73,0.92,5,217,1,0,0,Finance,Master,low,0
0.42,0.53,2,285,9,1,0,Support,Master,low,0
0.96,0.99,4,235,7,0,0,HR,Bachelor,medium,1
0.79,0.6,3,202,2,0,0,Engineering,Bachelor,medium,0
0.64,0.51,5,172,6,0,0,Sales,Bachelor,medium,0
0.69,0.87,6,132,2,0,0,Finance,Bachelor,medium,0
0.54,0.8,6,205,1,0,0,Marketing,Master,medium,0
0.4,0.7,4,252,7,0,0,Finance,Master,low,1
0.48,0.73,5,167,2,0,0,Support,Master,high,0
0.81,0.83,2,147,2,0,0,HR,Bachelor,low,1
0.21,0.54,6,122,5,0,0,Finance,PhD,low,0
0.29,1.0,4,103,5,0,0,Marketing,Bachelor,medium,0
0.24,0.98,5,251,7,0,0,Sales,Bachelor,low,0
0.23,0.79,5,278,1,0,0,Engineering,Bachelor,high,0
0.88,0.52,5,221,8,0,0,HR,Master,medium,1
0.76,0.81,5,305,3,0,0,Marketing,Bachelor,high,0
0.58,0.44,5,148,4,0,0,Support,PhD,medium,0
0.28,0.42,6,246,9,0,0,Support,PhD,high,0
0.59,0.55,4,172,4,0,0,Support,Master,high,1
0.58,0.68,5,223,10,0,0,HR,Bachelor,high,0
0.34,0.92,3,210,5,0,0,Finance,Master,medium,0
0.55,0.84,3,266,7,0,0,HR,Master,low,0
0.52,0.85,4,257,4,0,0,Support,Bachelor,low,0
0.69,0.66,2,172,1,0,0,Marketing,Bachelor,medium,0
0.71,0.61,2,282,9,1,0,Engineering,Bachelor,high,0
0.24,0.62,2,286,4,0,0,Engineering,Bachelor,medium,1
0.5,0.99,3,116,9,0,1,HR,Bachelor,high,0
0.7,0.42,2,169,6,0,0,Support,PhD,medium,0
0.6,0.92,6,223,1,0,0,Sales,Bachelor,low,0
0.89,0.75,5,102,3,0,0,HR,Bachelor,low,0
0.73,0.66,3,153,2,0,0,Support,PhD,low,1
0.33,0.84,4,279,9,0,0,Finance,Bachelor,low,0
0.26,0.69,4,236,1,1,0,Engineering,Master,medium,0
0.71,0.92,5,293,9,1,0,Engineering,Bachelor,high,0
0.22,0.94,3,169,9,0,0,Engineering,Bachelor,medium,0
0.67,0.65,2,212,8,0,1,Sales,Bachelor,low,0
0.95,0.57,2,132,8,0,0,Support,Bachelor,low,0
0.66,0.76,6,291,1,0,0,Support,Bachelor,low,0
0.51,0.95,6,178,8,0,1,Support,Master,medium,0
0.71,0.53,2,237,10,0,0,Support,Bachelor,low,0
0.57,0.77,4,184,3,0,0,Sales,Master,low,0
0.64,0.78,4,285,7,0,0,Marketing,Bachelor,low,1
0.95,0.84,6,261,1,0,0,HR,Bachelor,low,0
0.51,0.48,5,240,1,0,1,HR,Master,high,0
0.97,0.83,2,91,10,0,1,Support,Bachelor,low,0
0.92,0.95,6,209,5,0,0,Finance,Master,low,0
0.36,0.51,6,111,5,0,0,Engineering,PhD,low,0
0.26,0.54,2,204,8,0,0,Sales,Master,low,0
0.28,0.98,2,146,7,0,0,Finance,Bachelor,medium,1
0.21,0.51,4,161,8,0,0,Finance,Bachelor,medium,0
0.28,0.91,5,96,6,0,0,Support,Master,medium,0
0.75,0.7,5,295,6,0,1,Sales,Master,medium,0
0.26,0.55,2,273,2,1,0,HR,Bachelor,low,0
0.46,0.92,3,208,6,0,0,Engineering,Bachelor,medium,0
0.88,0.67,6,284,5,1,0,HR,Bachelor,low,0
0.22,0.71,6,203,3,0,0,Finance,Bachelor,low,0
0.85,0.62,2,105,6,0,0,Engineering,Bachelor,medium,1
0.43,0.76,3,172,8,0,0,Marketing,Bachelor,medium,0
0.29,0.5,4,268,9,0,0,Finance,Master,medium,0
0.76,0.63,2,299,1,1,0,HR,PhD,low,1
0.7,0.98,2,297,3,0,0,HR,Master,low,0
0.9,0.55,6,161,3,0,0,Support,Bachelor,high,1
0.79,0.79,2,213,8,0,1,HR,Bachelor,low,0
0.84,0.6,2,202,1,0,0,Sales,PhD,low,0
0.43,0.86,2,101,5,0,0,Finance,PhD,low,1
0.34,0.48,6,215,3,0,0,Engineering,PhD,low,0
0.8,0.98,4,142,2,0,0,HR,Master,low,0
0.85,0.67,4,164,8,0,1,Support,Bachelor,medium,1
0.99,0.54,2,222,3,0,0,Support,Master,medium,0
0.53,0.44,6,116,7,0,0,HR,Bachelor,high,0
0.5,0.5,4,229,1,0,0,Sales,Bachelor,low,0
0.82,0.71,4,234,6,0,0,Support,Master,low,1
0.47,0.6,4,223,3,0,0,Engineering,Bachelor,medium,1
0.94,0.9,6,186,8,0,0,Finance,Bachelor,medium,0
0.89,0.66,6,94,6,0,0,Marketing,Bachelor,medium,1
0.54,0.55,2,146,2,0,0,Sales,Bachelor,medium,0
0.8,0.77,5,245,6,1,0,Support,Master,low,0
0.8,0.82,4,167,7,0,0,Finance,Bachelor,medium,0
0.28,0.5,5,158,5,0,0,Marketing,Bachelor,medium,0
0.92,0.5,6,207,3,0,0,HR,Bachelor,low,0
0.6,0.42,6,209,4,0,0,HR,Bachelor,high,0
0.86,0.84,6,148,4,0,0,Engineering,Bachelor,medium,1
0.46,0.8,5,122,6,1,0,Marketing,Master,low,1
0.92,0.68,6,151,10,0,0,HR,Bachelor,low,0
0.51,0.91,2,139,1,0,0,HR,Master,low,0
0.21,0.88,6,201,4,0,0,Support,PhD,medium,1
0.92,0.75,3,108,10,0,0,Engineering,Master,low,1
0.27,0.92,5,303,4,0,0,Finance,Bachelor,low,0
0.46,0.52,3,286,10,0,0,HR,Bachelor,low,1
0.96,0.47,6,212,1,0,0,Sales,Master,medium,1
0.96,0.56,2,283,9,0,0,Sales,Bachelor,medium,1
0.66,0.43,4,136,4,0,0,Finance,Master,medium,1
0.71,0.72,6,256,7,0,0,Marketing,Master,low,0
0.56,0.96,2,285,3,0,0,Engineering,PhD,high,0
0.43,0.42,5,122,10,0,0,Support,PhD,medium,0
0.46,0.47,3,230,3,0,0,Sales,Bachelor,high,0
0.74,0.67,3,173,8,0,0,Sales,Bachelor,low,1
0.8,0.96,3,271,8,0,0,Finance,PhD,low,1
0.83,0.59,5,224,1,1,0,Marketing,Bachelor,medium,0
0.83,0.7,2,168,10,0,0,Marketing,Bachelor,low,0
0.27,0.42,5,304,2,0,0,Finance,Master,medium,0
0.6,0.49,3,103,8,0,0,Sales,Bachelor,medium,0
0.25,0.99,6,304,1,0,0,Engineering,Master,medium,0
0.64,0.98,4,236,8,0,0,Sales,Master,high,0
0.55,0.4,5,217,8,0,0,Marketing,Bachelor,medium,0
0.91,0.97,5,143,2,0,0,Support,PhD,low,0
0.48,0.78,2,237,4,0,0,Sales,Master,low,0
0.29,0.92,2,118,6,0,0,Engineering,Master,medium,1
0.31,0.67,5,113,9,0,0,HR,Bachelor,medium,0
0.81,0.71,3,171,8,1,0,Sales,Bachelor,low,0
0.69,0.69,4,152,8,0,0,Finance,Master,low,0
0.28,0.8,2,291,7,0,0,HR,Bachelor,medium,0
0.27,0.48,3,194,9,0,0,Finance,Bachelor,medium,1
0.76,0.42,6,146,2,0,0,Finance,Master,high,0
0.26,0.58,2,225,3,1,0,Finance,Bachelor,medium,1
0.86,0.82,3,307,10,0,0,Sales,Bachelor,medium,0
0.76,0.52,3,151,8,0,0,Marketing,Bachelor,medium,0
0.27,0.8,4,246,6,0,0,HR,Bachelor,high,0
0.27,0.98,4,291,10,0,0,Engineering,Master,medium,0
0.99,0.46,6,106,9,0,0,Marketing,Bachelor,high,0
0.5,0.8,3,155,10,0,0,Sales,Bachelor,high,1
0.5,0.67,3,95,4,0,0,Finance,Master,high,0
0.85,0.92,4,147,8,0,0,Engineering,PhD,low,0
0.96,0.51,2,158,10,0,0,HR,Master,low,1
0.99,0.82,2,245,3,0,0,Marketing,Bachelor,low,1
0.8,0.9,5,151,3,0,0,Support,Bachelor,low,0
0.5,0.97,4,258,8,0,0,Marketing,Master,low,0
0.27,0.81,5,286,5,0,0,Engineering,Bachelor,low,0
0.82,0.7,4,171,3,0,0,Sales,Master,low,0
0.65,0.77,6,307,10,0,0,HR,Bachelor,medium,1
0.54,0.92,3,301,1,0,0,Engineering,Bachelor,medium,0
0.93,0.74,6,258,3,0,0,Finance,Master,low,0
0.29,0.42,4,266,9,0,1,HR,Master,medium,1
0.59,0.96,3,308,5,0,0,Marketing,Master,medium,1
0.21,0.81,2,266,10,0,0,Engineering,Bachelor,medium,0
0.57,0.81,2,293,2,0,0,Marketing,Bachelor,high,1
0.25,0.53,5,160,7,0,0,Marketing,Bachelor,low,0
0.3,0.8,4,220,2,0,0,Marketing,Bachelor,low,0
0.29,0.64,4,99,4,0,0,Sales,Bachelor,low,1
0.72,0.79,2,187,7,0,0,Marketing,Bachelor,low,0
0.8,0.46,6,178,4,0,0,Finance,Bachelor,medium,0
0.67,0.79,3,124,7,0,0,Finance,PhD,low,0
0.97,1.0,6,297,7,0,0,HR,Master,low,0
0.5,0.43,6,91,1,0,0,Support,PhD,low,0
0.43,0.99,2,213,6,0,0,Marketing,Bachelor,low,0
0.89,0.64,2,113,9,0,0,Marketing,PhD,medium,0
0.38,0.92,2,163,2,0,0,Engineering,Bachelor,medium,0
0.97,0.87,5,255,3,0,0,Sales,Bachelor,low,0
0.21,0.74,6,111,10,0,1,Support,Master,low,1
0.98,0.84,4,243,5,0,0,HR,Bachelor,low,0
0.23,0.93,3,260,9,0,0,Support,Bachelor,low,0
0.91,0.64,5,272,4,1,0,Marketing,Bachelor,high,0
0.62,0.6,4,128,1,0,0,Engineering,Bachelor,low,0
0.99,0.8,6,308,4,0,0,Sales,Master,medium,1
0.26,0.88,2,246,6,0,0,HR,Master,high,0
0.64,0.86,6,109,5,0,0,Support,Master,low,0
0.98,0.88,3,308,1,1,0,HR,Bachelor,low,0
0.62,0.66,5,130,4,0,0,Marketing,Master,high,0
0.7,0.89,5,271,6,0,0,HR,Bachelor,medium,0
0.76,0.47,3,237,10,0,0,Engineering,Bachelor,medium,1
0.56,0.73,4,197,10,0,0,HR,PhD,medium,0
0.7,0.4,4,236,4,0,0,Finance,Bachelor,medium,0
0.67,0.59,5,173,9,0,0,Engineering,Master,low,0
0.92,0.62,5,200,5,1,0,Support,Bachelor,high,0
0.24,0.64,2,155,8,0,0,Sales,Master,medium,0
0.42,0.82,4,247,9,0,0,Sales,Master,medium,0
0.96,0.63,3,142,10,0,0,Marketing,Bachelor,high,0
0.91,0.67,4,123,5,0,0,Marketing,Bachelor,medium,0
0.56,0.54,2,239,6,0,0,Finance,Master,low,0
0.7,0.62,5,156,1,0,0,Support,Bachelor,low,0
0.42,0.54,5,223,7,0,0,Sales,Bachelor,medium,0
0.35,0.44,2,296,4,0,0,Sales,Master,medium,0
0.57,0.76,3,116,2,0,1,Sales,Bachelor,medium,1
0.48,0.8,5,99,5,1,0,Sales,Master,high,1
0.67,0.77,6,162,3,0,0,HR,Bachelor,high,0
0.26,0.68,5,185,6,0,0,Support,Bachelor,low,0
0.98,0.63,6,137,8,0,0,Engineering,Master,low,0
0.99,0.92,2,159,7,0,0,Engineering,Bachelor,medium,0
0.76,0.71,2,276,3,0,0,Finance,Bachelor,medium,1
0.63,0.69,5,189,8,0,0,HR,Bachelor,medium,0
0.45,0.42,4,148,2,0,0,Sales,Bachelor,medium,1
0.85,0.6,6,91,10,0,0,Sales,Bachelor,medium,0
0.75,0.63,3,246,9,0,0,Marketing,Bachelor,low,0
0.33,0.64,5,285,4,0,0,Marketing,Bachelor,low,0
0.93,0.75,3,154,1,0,0,Finance,Bachelor,medium,1
0.86,0.72,5,172,8,0,1,Sales,Master,low,0
0.96,0.76,4,243,7,0,0,Finance,Master,low,0
0.78,0.86,4,306,5,0,1,HR,Bachelor,low,0
0.69,0.89,4,99,10,0,0,Engineering,Master,medium,1
0.53,0.83,4,142,5,0,0,Sales,Master,low,0
0.95,0.97,2,168,7,0,0,Support,Bachelor,medium,0
0.89,0.41,2,148,5,1,0,HR,Master,medium,0
0.24,0.52,6,239,8,0,0,Sales,Bachelor,medium,1
0.22,0.4,3,268,6,1,0,Support,Master,medium,1
0.5,0.79,5,137,5,0,0,Marketing,Bachelor,low,0
0.85,0.94,5,238,9,0,0,Finance,Bachelor,medium,0
0.99,0.55,2,212,2,0,0,Marketing,Master,high,0
0.32,0.96,5,111,1,0,0,Engineering,Bachelor,medium,0
0.68,0.44,2,189,8,0,0,Marketing,Bachelor,high,0
0.5,0.96,6,187,3,0,0,Sales,Bachelor,medium,0
0.98,0.61,3,247,7,1,0,Support,Bachelor,low,0
0.87,0.46,6,114,10,0,0,Marketing,Master,low,0
0.87,0.69,4,117,8,0,0,Sales,Master,medium,1
0.57,0.55,4,282,6,0,1,Engineering,Bachelor,low,0
0.53,0.57,4,202,10,0,0,Support,Bachelor,low,0
0.42,0.58,6,134,9,0,0,Marketing,Master,medium,0
0.25,0.88,5,157,7,0,0,Finance,Bachelor,low,0
0.89,0.72,3,96,10,1,0,Finance,Master,low,0
0.85,0.59,4,138,5,0,0,Support,Bachelor,medium,1
1.0,0.77,4,226,8,0,0,Finance,Bachelor,medium,0
1.0,0.83,4,253,2,0,0,Marketing,Bachelor,low,0
0.64,0.56,3,172,7,0,0,Marketing,Bachelor,medium,0
0.82,0.65,4,218,4,0,0,Support,Bachelor,high,0
0.96,0.47,3,227,9,0,0,Marketing,Bachelor,low,0
0.88,0.51,4,253,1,0,0,Sales,Bachelor,low,0
0.4,0.81,6,162,7,0,0,Engineering,Bachelor,low,0
0.56,0.51,6,135,6,0,0,Finance,Bachelor,medium,0
0.3,0.72,3,195,8,1,1,Sales,Bachelor,low,0
0.96,0.83,6,249,5,0,0,Support,Bachelor,high,0
0.68,0.46,3,121,1,0,0,Finance,Bachelor,medium,0
0.38,0.74,6,95,1,0,0,Sales,Bachelor,medium,0
0.74,0.55,6,265,9,0,1,Marketing,Master,high,1
0.69,0.98,3,255,10,0,1,Support,Master,high,0
0.49,0.69,5,234,6,0,0,Support,Bachelor,low,1
0.29,0.88,6,163,10,0,0,Finance,Bachelor,low,0
0.74,0.73,4,203,5,0,0,Marketing,Bachelor,medium,1
0.62,0.43,5,116,1,0,0,Finance,Master,low,0
0.82,0.78,3,143,6,0,0,HR,Bachelor,medium,0
0.62,0.97,5,267,6,0,0,Sales,Bachelor,medium,0
0.88,0.76,2,252,3,0,0,HR,Master,high,0
0.64,0.89,2,174,8,0,0,Sales,Bachelor,low,1
0.65,0.93,6,216,1,0,0,Engineering,Bachelor,medium,0
0.9,0.54,6,242,1,0,0,Support,Bachelor,low,1
0.52,0.53,4,245,6,1,0,Finance,Master,medium,0
0.31,0.77,5,200,10,0,0,Engineering,Bachelor,low,0
0.22,0.65,2,104,1,1,1,Engineering,Master,high,0
0.8,0.9,6,221,6,0,1,Support,Master,low,0
0.7,0.94,5,182,1,0,0,Support,Bachelor,medium,1
0.76,0.61,6,212,6,0,0,Sales,Bachelor,low,0
0.37,0.54,6,162,3,1,0,HR,Bachelor,low,0
0.31,0.87,2,244,8,0,0,Marketing,Master,medium,1
0.21,0.56,2,243,6,0,0,Sales,Master,low,0
0.48,0.89,6,236,1,0,0,Marketing,Bachelor,low,0
0.67,0.65,3,181,5,0,0,Engineering,Master,low,0
0.51,0.8,6,106,8,0,0,Marketing,Bachelor,medium,0
0.55,0.46,6,132,3,0,0,HR,Bachelor,medium,0
0.92,0.77,4,210,6,0,0,Sales,PhD,low,0
0.48,0.67,4,130,5,0,0,Support,Master,medium,0
0.61,0.75,4,259,6,0,0,HR,Bachelor,low,0
0.83,0.5,3,267,10,0,0,HR,Master,medium,0
0.52,0.84,3,301,1,0,0,Sales,PhD,low,1
0.7,0.92,6,257,7,0,0,Support,Master,medium,0
0.89,0.53,4,128,9,0,0,HR,Master,low,0
0.96,0.46,3,202,2,0,0,Support,Master,high,0
0.32,0.41,2,240,10,0,0,Finance,Bachelor,low,0
0.94,0.79,6,200,5,0,0,Finance,Master,low,0
0.59,0.76,5,269,10,0,0,Finance,Bachelor,low,1
0.41,0.73,6,136,4,0,0,Marketing,Master,high,1
0.57,0.54,5,152,6,0,0,HR,Bachelor,medium,0
0.98,0.63,4,199,6,0,0,Sales,Master,medium,0
0.59,0.76,5,158,2,0,0,Sales,Bachelor,high,0
0.46,0.7,4,132,2,1,0,Marketing,Bachelor,high,0
0.71,0.99,2,265,4,0,1,Sales,Bachelor,medium,0
0.39,0.48,5,123,1,0,0,Finance,PhD,low,1
0.26,0.82,6,129,9,0,0,HR,PhD,medium,0
0.3,0.64,4,292,7,1,0,Sales,Bachelor,low,1
0.3,0.66,6,150,7,0,1,Sales,PhD,medium,0
0.32,0.83,3,267,3,0,0,Engineering,Master,medium,0
0.31,0.82,4,284,3,0,0,Engineering,Master,medium,0
0.71,0.99,5,151,1,0,0,Engineering,Bachelor,medium,0
0.35,0.48,4,147,3,0,0,HR,PhD,medium,0
0.48,0.46,6,250,3,0,1,Finance,Bachelor,high,0
0.92,0.83,2,164,4,0,1,Support,Master,low,0
0.58,0.75,4,105,4,0,0,Finance,Master,low,0
0.73,0.56,5,171,3,0,0,Finance,Master,medium,0
0.34,0.45,3,183,10,0,0,HR,Master,high,1
0.35,0.45,2,137,8,1,0,HR,Bachelor,low,0
0.23,0.94,3,227,8,0,0,Engineering,Bachelor,low,0
0.34,0.52,4,171,1,0,0,Sales,Bachelor,low,0
0.42,0.59,6,127,7,0,0,Marketing,Bachelor,low,0
0.34,0.54,6,216,2,0,0,Marketing,Bachelor,high,0
0.27,0.61,5,108,1,1,1,Support,Master,medium,0
0.3,0.44,6,253,3,0,0,Sales,Master,medium,0
0.57,0.71,2,276,4,0,0,Support,Bachelor,medium,0
0.37,0.44,6,152,6,0,0,Engineering,Bachelor,medium,0
0.49,0.88,5,166,10,0,1,Support,Bachelor,low,0
0.6,0.54,4,263,5,0,0,Sales,Bachelor,low,0
0.75,0.72,4,220,4,0,0,Sales,Bachelor,medium,0
0.23,0.93,6,291,8,0,0,Marketing,Master,low,0
0.84,0.79,3,191,4,1,0,Engineering,Bachelor,low,0
0.7,0.72,4,154,10,1,0,HR,Master,low,0
0.27,0.59,6,209,2,0,0,Support,Bachelor,low,0
0.9,0.6,5,180,3,0,1,Marketing,Master,low,0
0.94,0.8,6,97,6,0,0,Support,Master,medium,0
0.25,1.0,4,268,8,0,0,Support,PhD,low,0
0.42,0.8,5,298,8,0,0,HR,Master,high,0
0.84,0.73,6,162,9,0,0,Engineering,PhD,low,0
0.8,0.84,2,223,7,0,0,Sales,Master,medium,0
0.35,0.68,5,196,2,0,0,Finance,Master,high,0
0.37,0.44,2,178,8,0,0,Support,Bachelor,high,0
0.5,0.74,3,128,7,0,0,Finance,Bachelor,high,1
0.59,0.97,5,202,8,0,0,Engineering,Bachelor,low,0
0.69,0.51,2,277,3,0,0,Finance,Master,low,0
0.5,0.81,4,117,7,0,0,Support,Bachelor,low,0
0.57,0.52,4,186,10,0,1,HR,Master,low,0
0.8,0.72,3,271,9,0,0,Finance,PhD,low,0
0.23,0.46,5,126,3,0,0,Engineering,Bachelor,high,0
0.4,0.67,5,226,10,0,0,Engineering,Bachelor,medium,0
0.77,0.85,5,171,6,0,0,HR,PhD,medium,1
0.92,0.61,3,145,2,0,0,Finance,Bachelor,high,1
0.61,0.8,5,276,2,0,0,Finance,Master,medium,0
0.63,0.88,4,174,5,0,0,Sales,Bachelor,medium,1
0.29,0.96,2,91,5,0,0,Marketing,Master,medium,0
0.56,0.54,4,278,7,0,0,Engineering,Bachelor,low,0
0.63,0.64,4,147,2,1,0,Sales,Master,low,0
0.39,0.49,2,196,7,1,0,Engineering,Bachelor,high,0
0.42,1.0,4,212,5,0,0,Sales,Bachelor,high,0
0.5,0.96,3,277,6,0,0,Marketing,Bachelor,high,1
0.22,0.72,2,257,8,0,0,Sales,Bachelor,medium,0
0.46,0.91,4,253,10,0,0,Engineering,PhD,high,0
0.37,0.71,6,203,4,1,0,Finance,Master,low,1
0.46,0.77,4,196,7,0,0,Engineering,Bachelor,low,0
0.3,0.45,3,126,6,0,0,Support,Bachelor,low,0
0.91,0.85,5,168,10,0,0,HR,Bachelor,medium,0
0.67,0.48,4,181,2,1,0,HR,Master,low,0
0.74,0.9,5,107,8,0,1,Support,Master,low,0
0.83,0.87,6,187,10,0,0,HR,Bachelor,low,0
0.6,0.83,4,152,9,0,0,HR,Master,medium,0
0.27,0.42,2,239,5,0,0,Marketing,Master,medium,1
0.63,0.58,5,228,10,0,0,Finance,PhD,medium,1
0.67,0.56,6,275,4,0,0,Finance,PhD,low,0
0.8,0.62,2,274,6,1,0,Engineering,Master,medium,0
0.55,0.45,2,294,8,1,0,Support,Master,medium,0
0.3,0.96,2,93,3,0,0,Sales,Bachelor,medium,1
0.43,0.73,2,303,10,0,0,Engineering,Master,low,0
0.49,0.58,4,224,1,0,0,Engineering,Bachelor,medium,0
0.72,0.64,4,150,4,0,0,Engineering,Bachelor,high,0
0.66,0.67,4,196,4,0,0,Engineering,Bachelor,low,1
0.48,0.76,6,143,1,0,0,Finance,Master,low,0
0.99,0.71,6,177,9,0,0,Sales,Bachelor,low,0
0.68,0.95,6,157,3,0,0,Engineering,Bachelor,medium,0
0.39,0.7,3,309,5,0,0,Finance,Bachelor,low,0
0.28,1.0,6,296,6,0,0,Engineering,Bachelor,low,0
0.32,0.91,4,218,8,0,0,HR,Bachelor,low,0
0.4,0.53,4,144,6,0,0,Engineering,Master,high,0
0.33,0.96,3,92,3,0,0,Support,Master,medium,0
0.35,0.47,3,295,6,0,0,Support,Bachelor,medium,0
0.43,0.89,6,255,1,0,0,Engineering,Master,medium,0
0.34,0.63,5,210,4,0,0,Marketing,Master,low,0
0.92,0.93,3,218,6,0,0,HR,Bachelor,high,1
0.26,0.92,2,191,7,0,0,Sales,Master,medium,0
0.62,0.88,4,127,10,0,0,Engineering,PhD,low,0
0.53,0.87,2,174,3,0,0,Sales,Bachelor,medium,0
0.99,0.58,4,246,9,0,0,HR,Bachelor,medium,0
0.29,0.45,4,222,7,0,0,Engineering,PhD,medium,0
0.52,0.64,3,291,1,0,0,Marketing,Master,low,1
0.98,0.5,3,181,2,0,0,Finance,Bachelor,high,0
0.89,0.82,2,110,1,0,1,Marketing,Bachelor,high,0
0.85,0.61,4,288,9,0,0,Marketing,Bachelor,low,0
0.41,0.99,2,284,9,0,0,Finance,Master,low,0
0.34,0.78,5,198,7,0,0,Finance,Bachelor,low,1
0.73,0.89,2,136,10,0,0,Support,Bachelor,high,0
0.94,0.48,6,173,3,0,0,Finance,Master,medium,0
0.65,0.92,2,172,5,0,0,Engineering,Bachelor,low,0
0.66,0.95,6,124,4,0,0,Sales,Bachelor,low,0
0.42,0.69,6,285,7,0,0,Support,Bachelor,low,1
0.82,0.76,6,158,9,0,0,Support,Master,medium,1
0.35,0.86,5,218,2,0,0,Sales,Bachelor,low,1
0.46,0.5,2,285,8,0,0,Support,Master,high,0
0.54,0.7,2,229,9,0,0,Finance,Bachelor,medium,0
0.61,0.64,5,277,10,0,0,Marketing,Bachelor,medium,0
0.39,0.49,4,116,10,0,0,HR,Bachelor,low,0
0.29,0.62,3,145,9,0,1,Finance,Bachelor,low,0
0.69,0.44,2,112,10,1,0,Marketing,Master,medium,0
0.43,0.42,3,242,7,0,0,Marketing,Bachelor,low,1
0.66,0.48,5,110,9,0,0,Support,Master,low,0
0.32,0.98,4,150,9,0,0,Engineering,Bachelor,high,0
0.58,0.73,4,152,3,0,0,Engineering,PhD,low,1
0.63,0.98,4,211,4,1,0,Support,Master,low,0
0.24,0.66,5,141,2,0,0,Support,Master,low,0
0.47,0.59,6,177,10,1,0,Sales,Bachelor,low,0
0.31,0.7,6,242,3,0,0,Sales,Bachelor,high,0
0.25,0.66,3,144,5,0,0,HR,Bachelor,low,0
0.99,0.46,6,135,5,0,0,HR,PhD,low,0
0.46,0.78,6,121,6,0,0,HR,Bachelor,medium,0
0.85,0.53,4,144,7,0,1,HR,Master,low,0
0.4,0.77,4,185,7,0,0,Marketing,Master,low,1
0.75,0.79,3,222,1,0,0,Marketing,Bachelor,low,0
0.81,0.49,2,125,2,0,0,Sales,Master,low,0
0.68,0.44,3,199,9,1,0,Engineering,Master,low,0
0.58,0.87,3,266,10,0,1,Support,Master,low,0
0.53,0.68,5,195,2,0,0,Engineering,Bachelor,medium,0
0.48,0.43,5,147,6,0,0,Finance,Bachelor,low,0
0.94,1.0,3,128,1,0,0,Marketing,Bachelor,medium,0
0.86,0.43,3,169,3,1,0,HR,Master,medium,0
0.97,0.82,3,186,2,0,1,HR,Master,medium,1
0.3,0.99,6,202,3,0,0,Finance,Bachelor,low,0
0.78,0.54,5,302,5,0,0,Engineering,PhD,low,0
0.95,0.49,3,150,10,0,0,HR,Bachelor,medium,0
0.34,0.47,4,226,6,0,0,Engineering,Master,medium,0
0.25,0.58,4,95,9,0,0,Support,PhD,medium,0
0.79,0.46,6,198,10,0,0,Finance,Master,low,0
0.66,0.82,6,124,4,0,0,Engineering,Master,high,1
0.87,0.44,2,128,7,1,0,Support,Bachelor,low,0
0.31,0.71,2,239,6,0,0,Engineering,Bachelor,low,0
0.84,1.0,2,258,2,0,0,Engineering,Master,low,0
0.36,0.89,6,207,10,1,0,HR,Bachelor,low,1
0.33,0.77,6,94,8,0,1,Sales,Bachelor,medium,0
0.33,0.58,6,259,7,0,0,Marketing,Master,medium,1
0.85,0.77,4,176,7,0,0,Engineering,Bachelor,medium,0
0.73,0.72,6,298,8,1,0,Engineering,PhD,high,0
0.62,0.66,4,165,1,0,0,Engineering,Master,medium,0
0.49,0.48,2,304,1,0,0,Sales,Master,medium,1
0.9,0.93,2,297,8,0,0,Support,Master,low,0
0.51,0.67,2,284,4,0,0,Finance,Master,medium,0
0.85,0.52,3,247,5,0,0,HR,Master,low,0
0.55,0.62,3,146,8,0,0,Sales,Master,low,1
0.5,0.65,5,216,5,0,0,Support,Bachelor,low,0
0.57,0.9,5,303,10,0,1,Engineering,Master,low,0
0.44,0.84,5,290,4,1,0,Support,Master,medium,0
0.8,0.86,3,118,6,0,0,Sales,Bachelor,high,1
0.6,0.41,3,254,5,0,0,Sales,Bachelor,low,1
0.39,0.65,5,176,7,0,0,Sales,Master,high,0
0.92,0.69,5,230,10,0,0,Finance,Bachelor,medium,0
0.51,0.41,6,249,7,0,0,Marketing,PhD,medium,0
0.63,0.56,5,135,4,0,0,HR,PhD,medium,1
0.93,0.86,6,205,5,0,0,Finance,Bachelor,low,0
0.7,0.48,4,201,3,0,0,Finance,Master,medium,0
0.29,0.72,3,240,4,0,0,Marketing,Bachelor,medium,0
0.95,0.53,5,134,4,0,0,Finance,Master,high,1
0.7,0.41,3,234,3,0,0,Sales,Bachelor,medium,0
0.47,0.54,3,193,10,0,0,Sales,Master,medium,0
0.31,0.99,3,174,5,0,0,Support,Bachelor,medium,1
0.84,0.88,4,283,5,0,0,Engineering,Bachelor,low,0
0.7,0.98,2,223,7,0,0,Finance,Bachelor,low,0
0.63,0.69,5,197,4,0,1,Engineering,Bachelor,low,1
0.92,0.47,2,107,4,0,0,HR,Bachelor,medium,1
0.83,0.73,2,183,9,0,0,Sales,Bachelor,low,1
0.32,0.67,2,239,6,0,0,Support,Bachelor,high,0
0.45,0.91,3,122,4,0,0,HR,Master,medium,0
0.4,0.46,6,247,2,1,0,Support,Master,high,1
0.8,0.69,3,298,6,0,0,Marketing,Master,medium,0
0.23,0.49,3,215,2,1,1,Sales,PhD,medium,1
0.66,0.59,2,249,5,0,0,HR,Bachelor,high,1
0.81,0.84,3,259,6,0,0,Marketing,Bachelor,medium,0
0.9,0.69,2,295,4,0,0,HR,Bachelor,high,1
0.47,0.63,6,211,3,0,0,Support,Master,low,1
0.86,0.64,5,227,7,0,0,Marketing,PhD,low,0
0.29,0.68,2,204,2,0,0,Marketing,Bachelor,low,0
0.88,0.87,6,253,6,0,1,Sales,Bachelor,medium,0
0.3,0.94,5,251,4,0,0,Engineering,Bachelor,medium,0
0.52,0.97,4,290,6,0,0,Support,Master,medium,0
0.84,0.87,2,117,4,0,0,Support,Master,low,0
0.32,0.59,2,100,4,0,0,Marketing,Bachelor,high,1
0.38,0.81,4,295,4,1,0,Marketing,Bachelor,medium,1
0.78,0.66,4,256,9,0,0,Sales,Master,low,0
0.78,0.55,2,136,7,0,1,Engineering,Master,medium,0
0.71,0.9,4,216,3,0,0,Support,Bachelor,medium,0
0.76,0.42,3,236,3,0,0,Finance,Master,high,1
0.63,0.94,5,207,6,0,0,Finance,Bachelor,medium,0
0.4,0.68,5,232,6,0,0,Engineering,Master,low,0
0.48,0.78,5,215,4,0,1,HR,Master,low,1
0.35,0.8,3,245,9,0,0,Sales,Bachelor,medium,0
0.93,0.94,4,241,4,0,0,Engineering,Bachelor,high,1
0.67,0.78,6,161,9,1,0,Finance,Master,low,1
0.52,0.77,4,196,4,0,0,Marketing,Bachelor,high,1
0.57,0.44,2,226,2,0,0,Finance,Master,medium,0
0.96,0.71,5,264,2,0,0,Marketing,Master,high,0
0.32,0.49,4,122,5,0,0,Sales,Master,low,1
0.67,0.84,6,279,4,0,0,Marketing,Bachelor,high,0
0.6,0.71,2,108,7,0,0,Engineering,Bachelor,high,0
0.69,0.81,3,284,5,0,0,Marketing,Master,high,0
0.21,0.43,3,163,6,0,0,HR,Bachelor,low,0
0.9,0.45,6,257,10,0,0,Engineering,Master,low,0
0.95,0.83,2,264,4,0,0,Sales,Master,medium,0
0.65,0.44,5,282,2,0,0,Engineering,Bachelor,low,0
0.76,0.44,4,246,10,0,0,HR,Master,low,0
0.94,0.41,2,267,9,0,0,Sales,Bachelor,low,0
0.77,0.97,3,187,10,0,0,Finance,Bachelor,medium,0
0.32,0.84,6,230,7,0,1,HR,PhD,medium,0
0.66,0.61,6,218,4,0,0,Sales,PhD,low,0
0.69,0.58,4,251,3,0,0,Marketing,Bachelor,low,0
0.54,0.61,6,182,10,0,0,Engineering,PhD,medium,0
0.79,0.86,6,265,3,0,0,Sales,Bachelor,medium,0
0.95,0.8,2,294,9,0,0,Engineering,Bachelor,low,0
0.94,0.51,5,137,5,0,0,Marketing,Bachelor,low,0
0.56,0.5,4,266,3,0,1,Sales,PhD,high,0
0.29,0.46,2,153,5,0,0,Finance,Bachelor,high,0
0.99,0.8,5,150,2,0,0,HR,Bachelor,high,0
0.87,0.86,2,246,4,0,0,Sales,Bachelor,high,1
0.3,0.56,2,128,10,0,0,Marketing,Master,low,0
0.94,0.41,6,217,2,0,0,Sales,Bachelor,medium,1
0.9,0.45,5,177,2,0,0,Engineering,Bachelor,low,0
0.62,0.98,4,115,8,0,0,Support,Bachelor,medium,0
0.67,0.58,4,106,1,0,0,Sales,Master,low,0
0.52,0.86,5,160,7,0,0,Finance,Master,medium,0
0.24,0.77,6,102,5,1,0,Sales,Bachelor,medium,0
0.47,0.63,3,158,8,0,0,HR,Master,low,0
0.84,0.52,2,115,1,1,0,Sales,Bachelor,medium,0
0.2,0.47,6,138,7,0,0,Support,Master,low,0
0.47,0.77,5,284,5,0,0,Engineering,Bachelor,low,1
0.52,0.86,2,96,4,0,0,Sales,Bachelor,low,0
0.63,0.79,4,147,7,0,0,Finance,Bachelor,low,1
0.94,0.72,3,138,10,0,0,Marketing,Master,low,0
0.48,0.43,4,192,2,0,0,Sales,Master,high,0
0.48,0.98,5,142,1,0,0,Sales,Bachelor,low,0
0.79,0.88,2,282,1,0,0,HR,Master,medium,0
0.56,0.58,5,151,1,0,0,Finance,Bachelor,low,0
0.38,0.99,2,106,5,0,0,Support,Bachelor,medium,0
0.56,0.76,6,260,10,0,0,Marketing,Bachelor,medium,0
0.31,0.75,3,114,7,0,0,Engineering,Master,medium,1
0.34,0.85,6,220,2,1,0,Sales,Master,medium,0
0.6,0.89,6,296,10,0,0,Support,Bachelor,high,1
0.54,0.79,5,118,8,1,0,Marketing,Bachelor,high,1
0.93,0.48,3,206,4,0,0,Engineering,Bachelor,medium,1
0.49,0.6,2,249,3,0,0,Support,Bachelor,low,0
0.66,0.96,2,115,10,0,0,Finance,Bachelor,medium,0
0.71,0.53,4,213,8,0,0,Finance,Bachelor,medium,0
0.21,0.62,2,233,2,0,0,Marketing,Bachelor,medium,0
0.73,0.66,5,114,3,0,0,Engineering,Bachelor,medium,0
0.34,0.66,6,143,3,0,0,Finance,Bachelor,medium,0
0.97,0.77,6,245,10,0,0,Marketing,Bachelor,medium,0
0.32,0.97,6,162,1,0,0,Finance,Bachelor,low,0
0.53,0.54,3,209,6,0,1,Finance,Master,low,0
0.27,0.47,2,145,2,0,0,Support,Bachelor,low,0
1.0,0.52,5,154,1,0,1,Support,Master,high,0
0.6,0.93,3,182,2,0,0,Finance,Bachelor,medium,1
0.68,0.79,4,175,6,0,0,HR,Bachelor,medium,0
0.25,0.57,5,169,4,0,0,Support,Bachelor,medium,0
0.8,0.89,5,258,6,0,0,Engineering,Bachelor,medium,1
0.37,0.92,5,197,9,0,0,Marketing,Bachelor,high,0
0.92,0.91,6,268,10,0,0,Marketing,PhD,medium,0
0.36,0.95,5,207,10,0,0,Engineering,Bachelor,medium,0
0.35,0.55,2,288,8,0,0,Engineering,Bachelor,medium,0
0.23,0.85,5,295,1,1,0,Engineering,Master,low,0
0.58,0.68,6,246,8,1,0,Engineering,Bachelor,medium,0
0.65,0.91,5,172,9,0,0,Sales,Master,low,0
0.25,0.84,4,236,6,0,0,Marketing,Bachelor,low,0
0.82,0.87,4,283,10,0,0,Sales,PhD,medium,1
0.56,0.79,6,258,5,0,0,Finance,Bachelor,medium,0
0.62,0.51,2,262,6,0,0,Finance,Bachelor,high,1
0.55,0.73,2,104,6,0,0,Marketing,Master,low,0
0.52,0.99,3,220,9,1,0,Finance,Bachelor,medium,0
0.65,0.96,6,228,4,0,0,Engineering,Bachelor,low,0
0.32,0.43,5,270,2,0,1,Sales,Master,low,0
0.35,0.5,6,263,9,0,0,Engineering,Bachelor,low,0
0.89,0.48,3,119,2,0,0,Finance,Bachelor,low,1
0.96,0.84,6,146,10,0,0,Support,Master,low,0
0.5,0.89,6,235,9,1,0,Sales,Bachelor,low,0
0.42,0.53,3,268,2,0,0,Engineering,Master,low,0
0.72,0.7,2,217,8,0,0,Marketing,PhD,medium,1
0.53,0.9,5,137,9,0,0,Engineering,Bachelor,low,0
0.22,0.84,3,283,10,0,0,Support,Bachelor,medium,0
0.32,0.73,4,225,9,0,0,Finance,Bachelor,medium,0
0.77,0.75,2,111,10,0,0,Sales,Bachelor,medium,0
0.73,0.71,4,95,9,0,1,Marketing,PhD,high,1
0.22,0.58,2,293,2,0,0,Sales,Bachelor,medium,1
0.38,0.74,5,274,4,0,0,Marketing,Bachelor,medium,0
0.38,0.81,5,193,7,0,0,Sales,Master,low,0
0.74,0.92,6,125,2,0,0,Finance,Master,medium,1
0.22,0.78,4,168,1,0,0,Marketing,Bachelor,medium,0
0.28,0.86,2,309,3,0,0,HR,Bachelor,low,1
0.84,0.5,5,205,4,0,0,Sales,Master,low,0
0.34,0.68,3,146,8,0,0,Sales,PhD,low,0
0.72,0.41,5,138,6,0,0,Engineering,Master,medium,0
0.39,0.55,3,262,2,0,0,Marketing,Bachelor,low,0
0.28,0.84,2,171,9,0,0,Support,Bachelor,medium,1
0.39,1.0,5,155,2,0,0,HR,Bachelor,low,0
0.78,0.46,5,166,5,0,0,Finance,Bachelor,medium,0
0.88,0.64,2,134,4,0,0,Engineering,PhD,low,0
0.86,0.88,5,168,7,0,0,HR,Master,low,0
0.52,0.52,3,109,8,0,0,Marketing,PhD,medium,0
0.73,0.73,5,281,5,0,0,HR,Bachelor,low,1
0.36,0.84,4,212,10,0,0,Sales,Master,low,0
0.43,0.77,6,156,5,0,0,Sales,Master,low,0
0.92,0.51,3,172,2,0,0,Engineering,Master,medium,0
0.21,0.61,4,92,8,0,0,Marketing,Bachelor,high,0
0.27,0.87,2,271,2,0,0,Marketing,Bachelor,medium,1
0.37,0.73,3,295,10,0,0,HR,Master,medium,0
0.22,0.4,6,153,6,0,0,Engineering,Bachelor,low,0
0.35,0.86,6,129,8,0,0,Marketing,PhD,medium,0
0.67,0.42,2,148,6,0,0,Support,Bachelor,medium,0
0.54,0.85,2,272,4,0,0,Support,Master,low,0
0.91,0.52,3,151,4,1,1,Sales,Master,low,0
0.85,0.97,5,221,6,1,1,HR,Master,low,0
0.47,0.62,2,149,4,0,0,Finance,Bachelor,medium,0
0.41,0.6,5,205,8,0,1,Sales,PhD,low,0
0.5,0.49,4,164,9,0,0,Engineering,Master,medium,1
0.67,0.58,6,211,1,0,0,Marketing,Bachelor,low,0
0.41,0.93,5,196,4,0,0,Sales,Master,low,0
0.7,1.0,6,185,4,0,0,Finance,Bachelor,low,0
0.53,0.62,5,180,2,0,1,Finance,Bachelor,medium,0
0.64,0.67,4,247,6,0,0,Support,Bachelor,low,0
0.55,0.83,2,219,3,0,0,Engineering,Master,low,0
0.44,0.93,4,151,7,0,0,Sales,Bachelor,low,0
0.96,0.76,2,138,5,1,0,HR,Master,low,0
0.81,0.63,2,226,4,0,0,Sales,Bachelor,low,0
0.31,0.65,6,181,5,0,1,Support,Bachelor,high,1
0.89,0.82,4,248,8,1,0,Finance,PhD,medium,0
0.59,0.4,5,213,3,0,0,Engineering,Master,medium,0
0.92,0.77,4,150,7,0,0,Engineering,PhD,low,0
0.84,0.61,6,296,6,0,0,HR,Bachelor,low,0
0.54,0.88,2,137,1,0,0,Engineering,Bachelor,low,1
0.22,0.46,6,242,7,0,0,Support,Master,medium,1
0.41,0.75,3,253,7,0,0,Support,Master,medium,0
0.63,0.69,3,225,1,0,0,Support,Bachelor,low,0
0.71,0.79,5,290,9,0,0,Engineering,Bachelor,medium,0
0.41,0.44,6,147,6,0,0,Engineering,Master,medium,1
0.31,0.75,5,190,2,1,0,Support,Bachelor,low,1
0.87,0.74,5,201,5,0,0,Engineering,Master,low,0
0.99,0.74,3,262,4,0,0,Engineering,Bachelor,medium,0
0.62,0.76,5,151,7,0,1,Finance,Bachelor,medium,0
0.34,0.81,3,128,8,0,0,Sales,PhD,low,0
0.42,0.88,2,147,1,1,0,Marketing,Bachelor,low,0
0.21,0.56,6,298,5,0,0,Engineering,Bachelor,medium,0
0.93,0.9,5,188,3,0,0,Marketing,Master,low,0
0.29,0.7,3,300,1,0,0,Marketing,Bachelor,medium,0
0.66,0.45,4,281,3,0,0,Finance,Bachelor,medium,0
0.42,0.44,5,133,6,0,0,Engineering,Master,low,0
0.64,0.6,2,118,7,0,0,Support,Bachelor,low,0
0.72,0.87,2,148,8,0,0,Marketing,Bachelor,medium,0
0.86,0.82,4,160,4,0,0,Engineering,Bachelor,low,1
0.37,0.87,3,181,3,0,0,HR,Bachelor,low,1
0.21,0.71,5,98,5,0,1,Support,Master,medium,0
0.31,0.66,3,216,9,0,0,HR,Master,low,0
0.92,0.49,2,309,6,0,0,HR,Bachelor,medium,0
0.9,0.6,3,223,9,1,0,Marketing,Master,low,0
0.68,0.66,2,246,6,0,0,HR,PhD,medium,0
0.68,0.45,3,275,2,0,0,Finance,Bachelor,low,1
0.73,0.53,4,234,5,0,0,Finance,Master,high,0
0.34,0.76,6,233,9,0,0,Marketing,Bachelor,medium,1
0.93,0.84,4,304,8,0,0,Engineering,Master,low,1
0.54,1.0,4,220,7,0,0,Sales,PhD,low,1
0.51,0.96,6,110,1,0,0,Engineering,Bachelor,low,0
0.62,0.79,6,153,4,0,0,Engineering,Bachelor,medium,0
0.24,0.65,5,179,7,0,0,Engineering,Bachelor,medium,0
0.33,0.78,5,125,7,0,0,Engineering,Bachelor,medium,0
0.79,0.87,4,303,6,0,0,Support,Bachelor,low,0
0.27,0.47,4,151,8,0,0,Sales,Master,medium,0
0.68,0.65,2,259,6,1,0,Support,Bachelor,low,0
0.4,0.9,2,165,10,0,0,HR,Bachelor,medium,1
0.51,0.63,5,259,3,0,1,Engineering,Master,medium,0
0.43,0.74,5,278,4,0,0,Finance,Bachelor,low,0
0.48,0.75,2,102,3,0,0,Marketing,PhD,low,1
0.78,0.51,2,100,1,0,0,Marketing,Master,medium,0
0.44,0.62,3,143,10,0,0,Support,Bachelor,medium,0
0.65,0.6,3,105,5,0,0,Support,Bachelor,low,1
0.58,0.42,2,97,1,0,0,Finance,Bachelor,low,1
0.73,0.41,3,193,1,0,0,Engineering,Master,medium,0
0.95,0.9,6,148,2,0,0,Sales,Bachelor,low,1
0.79,0.56,5,146,4,0,0,HR,Master,low,0
0.37,0.71,5,129,6,0,0,Marketing,Master,low,1
0.22,0.58,2,276,8,0,0,HR,Bachelor,low,1
0.41,0.96,4,219,3,1,0,Sales,Master,medium,0
0.68,0.56,2,183,1,0,0,Support,Bachelor,high,0
0.24,0.66,3,293,3,0,0,Marketing,PhD,medium,0
0.6,0.92,4,227,3,0,0,HR,Bachelor,low,0
0.68,0.91,3,133,5,1,1,Support,Master,medium,1
0.47,0.51,6,228,4,0,0,Sales,Bachelor,medium,0
0.82,0.88,3,296,4,1,0,HR,Master,low,0
0.29,0.67,6,169,9,0,0,Engineering,Bachelor,high,1
0.26,0.69,6,170,7,0,0,Support,Bachelor,low,1
0.78,0.48,3,307,4,1,0,Sales,Bachelor,high,1
0.6,0.45,3,91,3,0,0,HR,Bachelor,low,0
0.75,0.84,6,267,6,0,0,Engineering,Master,medium,0
0.55,0.7,4,229,3,0,0,Engineering,Master,low,0
0.4,0.66,6,204,6,0,0,Sales,Bachelor,medium,0
0.86,0.84,5,179,9,1,1,Finance,Bachelor,low,0
0.84,0.86,6,112,6,0,0,Marketing,Bachelor,medium,0
0.76,0.5,4,235,4,0,0,Sales,Bachelor,medium,0
0.42,0.77,5,151,5,0,0,Engineering,Bachelor,medium,1
0.67,0.48,2,202,6,0,0,Engineering,Bachelor,medium,0
0.49,0.85,2,217,3,0,0,Sales,Bachelor,medium,0
0.27,0.79,4,151,8,0,0,Finance,Bachelor,low,0
0.93,0.97,6,127,4,0,0,Marketing,PhD,medium,0
0.31,0.44,3,284,8,1,0,HR,Bachelor,medium,0
0.96,0.43,4,255,10,0,1,Sales,Bachelor,medium,1
0.56,0.57,5,284,10,0,0,Marketing,Master,medium,0
